pokedex_number,name,attack,defense,hp,classfication,generation,Data,abilities
1,Bulbasaur,49,49,45,Seed,1,05/15/1996,['Overgrow'-'Chlorophyll']
2,Ivysaur,62,63,60,Seed,1,10/12/1996,['Overgrow'-'Chlorophyll']
3,Venusaur,100,123,80,Seed,1,05/05/1996,['Overgrow'-'Chlorophyll']
4,Charmander,52,43,39,Lizard,1,05/09/1996,['Blaze'-'Solar Power']
5,Charmeleon,64,58,58,Flame,1,08/28/1996,['Blaze'-'Solar Power']
6,Charizard,104,78,78,Flame,1,06/18/1996,['Blaze'-'Solar Power']
7,Squirtle,48,65,44,Tiny Turtle,1,12/17/1996,['Torrent'-'Rain Dish']
8,Wartortle,63,80,59,Turtle,1,07/02/1996,['Torrent'-'Rain Dish']
9,Blastoise,103,120,79,Shellfish,1,05/19/1996,['Torrent'-'Rain Dish']
10,Caterpie,30,35,45,Worm,1,03/18/1996,['Shield Dust'-'Run Away']
11,Metapod,20,55,50,Cocoon,1,03/03/1996,['Shed Skin']
12,Butterfree,45,50,60,Butterfly,1,08/08/1996,['Compoundeyes'-'Tinted Lens']
13,Weedle,35,30,40,Hairy,1,11/04/1996,['Shield Dust'-'Run Away']
14,Kakuna,25,50,45,Cocoon,1,08/19/1996,['Shed Skin']
15,Beedrill,150,40,65,Poison Bee,1,10/27/1996,['Swarm'-'Sniper']
16,Pidgey,45,40,40,Tiny Bird,1,07/29/1996,['Keen Eye'-'Tangled Feet'-'Big Pecks']
17,Pidgeotto,60,55,63,Bird,1,07/17/1996,['Keen Eye'-'Tangled Feet'-'Big Pecks']
18,Pidgeot,80,80,83,Bird,1,10/16/1996,['Keen Eye'-'Tangled Feet'-'Big Pecks']
19,Rattata,56,35,30,Mouse,1,04/15/1996,['Run Away'-'Guts'-'Hustle'-'Gluttony'-'Hustle'-'Thick Fat']
20,Raticate,71,70,75,Mouse,1,04/22/1996,['Run Away'-'Guts'-'Hustle'-'Gluttony'-'Hustle'-'Thick Fat']
21,Spearow,60,30,40,Tiny Bird,1,03/15/1996,['Keen Eye'-'Sniper']
22,Fearow,90,65,65,Beak,1,11/25/1996,['Keen Eye'-'Sniper']
23,Ekans,60,44,35,Snake,1,04/25/1996,['Intimidate'-'Shed Skin'-'Unnerve']
24,Arbok,95,69,60,Cobra,1,09/13/1996,['Intimidate'-'Shed Skin'-'Unnerve']
25,Pikachu,55,40,35,Mouse,1,03/15/1996,['Static'-'Lightningrod']
26,Raichu,85,50,60,Mouse,1,11/17/1996,['Static'-'Lightningrod'-'Surge Surfer']
27,Sandshrew,75,90,50,Mouse,1,05/10/1996,['Sand Veil'-'Sand Rush'-'Snow Cloak'-'Slush Rush']
28,Sandslash,100,120,75,Mouse,1,06/18/1996,['Sand Veil'-'Sand Rush'-'Snow Cloak'-'Slush Rush']
29,Nidoran?,47,52,55,Poison Pin,1,05/02/1996,['Poison Point'-'Rivalry'-'Hustle']
30,Nidorina,62,67,70,Poison Pin,1,02/19/1996,['Poison Point'-'Rivalry'-'Hustle']
31,Nidoqueen,92,87,90,Drill,1,03/26/1996,['Poison Point'-'Rivalry'-'Sheer Force']
32,Nidoran?,57,40,46,Poison Pin,1,08/07/1996,['Poison Point'-'Rivalry'-'Hustle']
33,Nidorino,72,57,61,Poison Pin,1,04/23/1996,['Poison Point'-'Rivalry'-'Hustle']
34,Nidoking,102,77,81,Drill,1,11/03/1996,['Poison Point'-'Rivalry'-'Sheer Force']
35,Clefairy,45,48,70,Fairy,1,12/19/1996,['Cute Charm'-'Magic Guard'-'Friend Guard']
36,Clefable,70,73,95,Fairy,1,07/11/1996,['Cute Charm'-'Magic Guard'-'Unaware']
37,Vulpix,41,40,38,Fox,1,08/23/1996,['Flash Fire'-'Drought'-'Snow Cloak'-'Snow Warning']
38,Ninetales,67,75,73,Fox,1,12/25/1996,['Flash Fire'-'Drought'-'Snow Cloak'-'Snow Warning']
39,Jigglypuff,45,20,115,Balloon,1,12/09/1996,['Cute Charm'-'Competitive'-'Friend Guard']
40,Wigglytuff,70,45,140,Balloon,1,11/20/1996,['Cute Charm'-'Competitive'-'Frisk']
41,Zubat,45,35,40,Bat,1,01/08/1996,['Inner Focus'-'Infiltrator']
42,Golbat,80,70,75,Bat,1,07/01/1996,['Inner Focus'-'Infiltrator']
43,Oddish,50,55,45,Weed,1,09/16/1996,['Chlorophyll'-'Run Away']
44,Gloom,65,70,60,Weed,1,05/20/1996,['Chlorophyll'-'Stench']
45,Vileplume,80,85,75,Flower,1,03/06/1996,['Chlorophyll'-'Effect Spore']
46,Paras,70,55,35,Mushroom,1,09/11/1996,['Effect Spore'-'Dry Skin'-'Damp']
47,Parasect,95,80,60,Mushroom,1,07/03/1996,['Effect Spore'-'Dry Skin'-'Damp']
48,Venonat,55,50,60,Insect,1,01/19/1996,['Compoundeyes'-'Tinted Lens'-'Run Away']
49,Venomoth,65,60,70,Poison Moth,1,06/07/1996,['Shield Dust'-'Tinted Lens'-'Wonder Skin ']
50,Diglett,55,30,10,Mole,1,11/01/1996,['Sand Veil'-'Arena Trap'-'Sand Force'-'Sand Veil'-'Tangling Hair'-'Sand Force']
51,Dugtrio,100,60,35,Mole,1,04/07/1996,['Sand Veil'-'Arena Trap'-'Sand Force'-'Sand Veil'-'Tangling Hair'-'Sand Force']
52,Meowth,35,35,40,Scratch Cat,1,11/23/1996,['Pickup'-'Technician'-'Unnerve'-'Pickup'-'Technician'-'Rattled']
53,Persian,60,60,65,Classy Cat,1,05/30/1996,['Limber'-'Technician'-'Unnerve'-'Fur Coat'-'Technician'-'Rattled']
54,Psyduck,52,48,50,Duck,1,02/13/1996,['Damp'-'Cloud Nine'-'Swift Swim']
55,Golduck,82,78,80,Duck,1,02/09/1996,['Damp'-'Cloud Nine'-'Swift Swim']
56,Mankey,80,35,40,Pig Monkey,1,11/27/1996,['Vital Spirit'-'Anger Point'-'Defiant']
57,Primeape,105,60,65,Pig Monkey,1,10/29/1996,['Vital Spirit'-'Anger Point'-'Defiant']
58,Growlithe,70,45,55,Puppy,1,03/23/1996,['Intimidate'-'Flash Fire'-'Justified']
59,Arcanine,110,80,90,Legendary,1,11/22/1996,['Intimidate'-'Flash Fire'-'Justified']
60,Poliwag,50,40,40,Tadpole,1,10/29/1996,['Water Absorb'-'Damp'-'Swift Swim']
61,Poliwhirl,65,65,65,Tadpole,1,09/28/1996,['Water Absorb'-'Damp'-'Swift Swim']
62,Poliwrath,95,95,90,Tadpole,1,01/10/1996,['Water Absorb'-'Damp'-'Swift Swim']
63,Abra,20,15,25,Psi,1,03/04/1996,['Synchronize'-'Inner Focus'-'Magic Guard']
64,Kadabra,35,30,40,Psi,1,12/02/1996,['Synchronize'-'Inner Focus'-'Magic Guard']
65,Alakazam,50,65,55,Psi,1,08/04/1996,['Synchronize'-'Inner Focus'-'Magic Guard']
66,Machop,80,50,70,Superpower,1,05/05/1996,['Guts'-'No Guard'-'Steadfast']
67,Machoke,100,70,80,Superpower,1,06/01/1996,['Guts'-'No Guard'-'Steadfast']
68,Machamp,130,80,90,Superpower,1,06/08/1996,['Guts'-'No Guard'-'Steadfast']
69,Bellsprout,75,35,50,Flower,1,08/13/1996,['Chlorophyll'-'Gluttony']
70,Weepinbell,90,50,65,Flycatcher,1,12/17/1996,['Chlorophyll'-'Gluttony']
71,Victreebel,105,65,80,Flycatcher,1,02/24/1996,['Chlorophyll'-'Gluttony']
72,Tentacool,40,35,40,Jellyfish,1,08/03/1996,['Clear Body'-'Liquid Ooze'-'Rain Dish']
73,Tentacruel,70,65,80,Jellyfish,1,08/10/1996,['Clear Body'-'Liquid Ooze'-'Rain Dish']
74,Geodude,80,100,40,Rock,1,09/14/1996,['Rock Head'-'Sturdy'-'Sand Veil'-'Magnet Pull'-'Sturdy'-'Galvanize']
75,Graveler,95,115,55,Rock,1,05/03/1996,['Rock Head'-'Sturdy'-'Sand Veil'-'Magnet Pull'-'Sturdy'-'Galvanize']
76,Golem,120,130,80,Megaton,1,09/20/1996,['Rock Head'-'Sturdy'-'Sand Veil'-'Magnet Pull'-'Sturdy'-'Galvanize']
77,Ponyta,85,55,50,Fire Horse,1,02/19/1996,['Run Away'-'Flash Fire'-'Flame Body']
78,Rapidash,100,70,65,Fire Horse,1,11/17/1996,['Run Away'-'Flash Fire'-'Flame Body']
79,Slowpoke,65,65,90,Dopey,1,03/01/1996,['Oblivious'-'Own Tempo'-'Regenerator']
80,Slowbro,75,180,95,Hermit Crab,1,10/04/1996,['Oblivious'-'Own Tempo'-'Regenerator']
81,Magnemite,35,70,25,Magnet,1,12/12/1996,['Magnet Pull'-'Sturdy'-'Analytic']
82,Magneton,60,95,50,Magnet,1,05/20/1996,['Magnet Pull'-'Sturdy'-'Analytic']
83,Farfetch'd,90,55,52,Wild Duck,1,04/18/1996,['Keen Eye'-'Inner Focus'-'Defiant']
84,Doduo,85,45,35,Twin Bird,1,06/01/1996,['Run Away'-'Early Bird'-'Tangled Feet']
85,Dodrio,110,70,60,Triple Bird,1,09/02/1996,['Run Away'-'Early Bird'-'Tangled Feet']
86,Seel,45,55,65,Sea Lion,1,03/22/1996,['Thick Fat'-'Hydration'-'Ice Body']
87,Dewgong,70,80,90,Sea Lion,1,01/30/1996,['Thick Fat'-'Hydration'-'Ice Body']
88,Grimer,80,50,80,Sludge,1,09/08/1996,['Stench'-'Sticky Hold'-'Poison Touch'-'Poison Touch'-'Gluttony'-'Power of Alchemy']
89,Muk,105,75,105,Sludge,1,05/07/1996,['Stench'-'Sticky Hold'-'Poison Touch'-'Poison Touch'-'Gluttony'-'Power of Alchemy']
90,Shellder,65,100,30,Bivalve,1,02/09/1996,['Shell Armor'-'Skill Link'-'Overcoat']
91,Cloyster,95,180,50,Bivalve,1,11/04/1996,['Shell Armor'-'Skill Link'-'Overcoat']
92,Gastly,35,30,30,Gas,1,02/26/1996,['Levitate']
93,Haunter,50,45,45,Gas,1,04/28/1996,['Levitate']
94,Gengar,65,80,60,Shadow,1,08/04/1996,['Cursed Body']
95,Onix,45,160,35,Rock Snake,1,06/13/1996,['Rock Head'-'Sturdy'-'Weak Armor']
96,Drowzee,48,45,60,Hypnosis,1,08/24/1996,['Insomnia'-'Forewarn'-'Inner Focus']
97,Hypno,73,70,85,Hypnosis,1,09/13/1996,['Insomnia'-'Forewarn'-'Inner Focus']
98,Krabby,105,90,30,River Crab,1,03/30/1996,['Hyper Cutter'-'Shell Armor'-'Sheer Force']
99,Kingler,130,115,55,Pincer,1,10/14/1996,['Hyper Cutter'-'Shell Armor'-'Sheer Force']
100,Voltorb,30,50,40,Ball,1,05/17/1996,['Soundproof'-'Static'-'Aftermath']
101,Electrode,50,70,60,Ball,1,11/06/1996,['Soundproof'-'Static'-'Aftermath']
102,Exeggcute,40,80,60,Egg,1,07/07/1996,['Chlorophyll'-'Harvest']
103,Exeggutor,105,85,95,Coconut,1,03/12/1996,['Chlorophyll'-'Harvest'-'Frisk'-'Harvest']
104,Cubone,50,95,50,Lonely,1,02/12/1996,['Rock Head'-'Lightningrod'-'Battle Armor']
105,Marowak,80,110,60,Bone Keeper,1,11/01/1996,['Rock Head'-'Lightningrod'-'Battle Armor'-'Cursed Body'-'Lightningrod'-'Rock Head']
106,Hitmonlee,120,53,50,Kicking,1,08/05/1996,['Limber'-'Reckless'-'Unburden']
107,Hitmonchan,105,79,50,Punching,1,04/28/1996,['Keen Eye'-'Iron Fist'-'Inner Focus']
108,Lickitung,55,75,90,Licking,1,07/10/1996,['Own Tempo'-'Oblivious'-'Cloud Nine']
109,Koffing,65,95,40,Poison Gas,1,01/29/1996,['Levitate']
110,Weezing,90,120,65,Poison Gas,1,05/24/1996,['Levitate']
111,Rhyhorn,85,95,80,Spikes,1,01/17/1996,['Lightningrod'-'Rock Head'-'Reckless']
112,Rhydon,130,120,105,Drill,1,08/12/1996,['Lightningrod'-'Rock Head'-'Reckless']
113,Chansey,5,5,250,Egg,1,01/04/1996,['Natural Cure'-'Serene Grace'-'Healer']
114,Tangela,55,115,65,Vine,1,01/12/1996,['Chlorophyll'-'Leaf Guard'-'Regenerator']
115,Kangaskhan,125,100,105,Parent,1,10/13/1996,['Early Bird'-'Scrappy'-'Inner Focus']
116,Horsea,40,70,30,Dragon,1,08/02/1996,['Swift Swim'-'Sniper'-'Damp']
117,Seadra,65,95,55,Dragon,1,05/21/1996,['Poison Point'-'Sniper'-'Damp']
118,Goldeen,67,60,45,Goldfish,1,09/30/1996,['Swift Swim'-'Water Veil'-'Lightningrod']
119,Seaking,92,65,80,Goldfish,1,12/05/1996,['Swift Swim'-'Water Veil'-'Lightningrod']
120,Staryu,45,55,30,Starshape,1,02/04/1996,['Illuminate'-'Natural Cure'-'Analytic']
121,Starmie,75,85,60,Mysterious,1,12/04/1996,['Illuminate'-'Natural Cure'-'Analytic']
122,Mr. Mime,45,65,40,Barrier,1,09/21/1996,['Soundproof'-'Filter'-'Technician']
123,Scyther,110,80,70,Mantis,1,11/18/1996,['Swarm'-'Technician'-'Steadfast']
124,Jynx,50,35,65,Humanshape,1,03/17/1996,['Oblivious'-'Forewarn'-'Dry Skin']
125,Electabuzz,83,57,65,Electric,1,12/03/1996,['Static'-'Vital Spirit']
126,Magmar,95,57,65,Spitfire,1,03/20/1996,['Flame Body'-'Vital Spirit']
127,Pinsir,155,120,65,Stagbeetle,1,08/28/1996,['Hyper Cutter'-'Mold Breaker'-'Moxie']
128,Tauros,100,95,75,Wild Bull,1,09/13/1996,['Intimidate'-'Anger Point'-'Sheer Force']
129,Magikarp,10,55,20,Fish,1,06/06/1996,['Swift Swim'-'Rattled']
130,Gyarados,155,109,95,Atrocious,1,11/05/1996,['Intimidate'-'Moxie']
131,Lapras,85,80,130,Transport,1,09/11/1996,['Water Absorb'-'Shell Armor'-'Hydration']
132,Ditto,48,48,48,Transform,1,09/23/1996,['Limber'-'Imposter']
133,Eevee,55,50,55,Evolution,1,10/05/1996,['Run Away'-'Adaptability'-'Anticipation']
134,Vaporeon,65,60,130,Bubble Jet,1,10/25/1996,['Water Absorb'-'Hydration']
135,Jolteon,65,60,65,Lightning,1,07/29/1996,['Volt Absorb'-'Quick Feet']
136,Flareon,130,60,65,Flame,1,09/22/1996,['Flash Fire'-'Guts']
137,Porygon,60,70,65,Virtual,1,10/30/1996,['Trace'-'Download'-'Analytic']
138,Omanyte,40,100,35,Spiral,1,08/15/1996,['Swift Swim'-'Shell Armor'-'Weak Armor']
139,Omastar,60,125,70,Spiral,1,04/01/1996,['Swift Swim'-'Shell Armor'-'Weak Armor']
140,Kabuto,80,90,30,Shellfish,1,04/30/1996,['Swift Swim'-'Battle Armor'-'Weak Armor']
141,Kabutops,115,105,60,Shellfish,1,05/11/1996,['Swift Swim'-'Battle Armor'-'Weak Armor']
142,Aerodactyl,135,85,80,Fossil,1,10/08/1996,['Rock Head'-'Pressure'-'Unnerve']
143,Snorlax,110,65,160,Sleeping,1,07/22/1996,['Immunity'-'Thick Fat'-'Gluttony']
144,Articuno,85,100,90,Freeze,1,01/29/1996,['Pressure'-'Snow Cloak']
145,Zapdos,90,85,90,Electric,1,02/25/1996,['Pressure'-'Static']
146,Moltres,100,90,90,Flame,1,08/08/1996,['Pressure'-'Flame Body']
147,Dratini,64,45,41,Dragon,1,04/21/1996,['Shed Skin'-'Marvel Scale']
148,Dragonair,84,65,61,Dragon,1,11/03/1996,['Shed Skin'-'Marvel Scale']
149,Dragonite,134,95,91,Dragon,1,09/24/1996,['Inner Focus'-'Multiscale']
150,Mewtwo,150,70,106,Genetic,1,08/09/1996,['Pressure'-'Unnerve']
151,Mew,100,100,100,New Species,1,06/27/1996,['Synchronize']
152,Chikorita,49,65,45,Leaf,2,11/15/1999,['Overgrow'-'Leaf Guard']
153,Bayleef,62,80,60,Leaf,2,09/21/1999,['Overgrow'-'Leaf Guard']
154,Meganium,82,100,80,Herb,2,08/16/1999,['Overgrow'-'Leaf Guard']
155,Cyndaquil,52,43,39,Fire Mouse,2,10/25/1999,['Blaze'-'Flash Fire']
156,Quilava,64,58,58,Volcano,2,09/18/1999,['Blaze'-'Flash Fire']
157,Typhlosion,84,78,78,Volcano,2,04/24/1999,['Blaze'-'Flash Fire']
158,Totodile,65,64,50,Big Jaw,2,03/27/1999,['Torrent'-'Sheer Force']
159,Croconaw,80,80,65,Big Jaw,2,03/14/1999,['Torrent'-'Sheer Force']
160,Feraligatr,105,100,85,Big Jaw,2,02/24/1999,['Torrent'-'Sheer Force']
161,Sentret,46,34,35,Scout,2,08/10/1999,['Run Away'-'Keen Eye'-'Frisk']
162,Furret,76,64,85,Long Body,2,03/02/1999,['Run Away'-'Keen Eye'-'Frisk']
163,Hoothoot,30,30,60,Owl,2,05/18/1999,['Insomnia'-'Keen Eye'-'Tinted Lens']
164,Noctowl,50,50,100,Owl,2,10/12/1999,['Insomnia'-'Keen Eye'-'Tinted Lens']
165,Ledyba,20,30,40,Five Star,2,09/21/1999,['Swarm'-'Early Bird'-'Rattled']
166,Ledian,35,50,55,Five Star,2,11/18/1999,['Swarm'-'Early Bird'-'Iron Fist']
167,Spinarak,60,40,40,String Spit,2,12/25/1999,['Swarm'-'Insomnia'-'Sniper']
168,Ariados,90,70,70,Long Leg,2,02/15/1999,['Swarm'-'Insomnia'-'Sniper']
169,Crobat,90,80,85,Bat,2,04/17/1999,['Inner Focus'-'Infiltrator']
170,Chinchou,38,38,75,Angler,2,04/01/1999,['Volt Absorb'-'Illuminate'-'Water Absorb']
171,Lanturn,58,58,125,Light,2,06/22/1999,['Volt Absorb'-'Illuminate'-'Water Absorb']
172,Pichu,40,15,20,Tiny Mouse,2,12/19/1999,['Static'-'Lightningrod']
173,Cleffa,25,28,50,Star Shape,2,09/05/1999,['Cute Charm'-'Magic Guard'-'Friend Guard']
174,Igglybuff,30,15,90,Balloon,2,01/19/1999,['Cute Charm'-'Competitive'-'Friend Guard']
175,Togepi,20,65,35,Spike Ball,2,10/19/1999,['Hustle'-'Serene Grace'-'Super Luck']
176,Togetic,40,85,55,Happiness,2,05/16/1999,['Hustle'-'Serene Grace'-'Super Luck']
177,Natu,50,45,40,Little Bird,2,12/03/1999,['Synchronize'-'Early Bird'-'Magic Bounce']
178,Xatu,75,70,65,Mystic,2,09/10/1999,['Synchronize'-'Early Bird'-'Magic Bounce']
179,Mareep,40,40,55,Wool,2,07/29/1999,['Static'-'Plus']
180,Flaaffy,55,55,70,Wool,2,04/26/1999,['Static'-'Plus']
181,Ampharos,95,105,90,Light,2,07/18/1999,['Static'-'Plus']
182,Bellossom,80,95,75,Flower,2,04/03/1999,['Chlorophyll'-'Healer']
183,Marill,20,50,70,Aquamouse,2,11/25/1999,['Thick Fat'-'Huge Power'-'Sap Sipper']
184,Azumarill,50,80,100,Aquarabbit,2,11/20/1999,['Thick Fat'-'Huge Power'-'Sap Sipper']
185,Sudowoodo,100,115,70,Imitation,2,04/09/1999,['Sturdy'-'Rock Head'-'Rattled']
186,Politoed,75,75,90,Frog,2,08/14/1999,['Water Absorb'-'Damp'-'Drizzle']
187,Hoppip,35,40,35,Cottonweed,2,09/23/1999,['Chlorophyll'-'Leaf Guard'-'Infiltrator']
188,Skiploom,45,50,55,Cottonweed,2,06/08/1999,['Chlorophyll'-'Leaf Guard'-'Infiltrator']
189,Jumpluff,55,70,75,Cottonweed,2,01/19/1999,['Chlorophyll'-'Leaf Guard'-'Infiltrator']
190,Aipom,70,55,55,Long Tail,2,01/28/1999,['Run Away'-'Pickup'-'Skill Link']
191,Sunkern,30,30,30,Seed,2,05/05/1999,['Chlorophyll'-'Solar Power'-'Early Bird']
192,Sunflora,75,55,75,Sun,2,01/30/1999,['Chlorophyll'-'Solar Power'-'Early Bird']
193,Yanma,65,45,65,Clear Wing,2,01/10/1999,['Speed Boost'-'Compoundeyes'-'Frisk']
194,Wooper,45,45,55,Water Fish,2,04/21/1999,['Damp'-'Water Absorb'-'Unaware']
195,Quagsire,85,85,95,Water Fish,2,06/18/1999,['Damp'-'Water Absorb'-'Unaware']
196,Espeon,65,60,65,Sun,2,01/11/1999,['Synchronize'-'Magic Bounce']
197,Umbreon,65,110,95,Moonlight,2,06/15/1999,['Synchronize'-'Inner Focus']
198,Murkrow,85,42,60,Darkness,2,10/15/1999,['Insomnia'-'Super Luck'-'Prankster']
199,Slowking,75,80,95,Royal,2,08/23/1999,['Oblivious'-'Own Tempo'-'Regenerator']
200,Misdreavus,60,60,60,Screech,2,11/04/1999,['Levitate']
201,Unown,72,48,48,Symbol,2,06/09/1999,['Levitate']
202,Wobbuffet,33,58,190,Patient,2,02/28/1999,['Shadow Tag'-'Telepathy']
203,Girafarig,80,65,70,Long Neck,2,11/08/1999,['Inner Focus'-'Early Bird'-'Sap Sipper']
204,Pineco,65,90,50,Bagworm,2,07/08/1999,['Sturdy'-'Overcoat']
205,Forretress,90,140,75,Bagworm,2,07/28/1999,['Sturdy'-'Overcoat']
206,Dunsparce,70,70,100,Land Snake,2,07/13/1999,['Serene Grace'-'Run Away'-'Rattled']
207,Gligar,75,105,65,Flyscorpion,2,08/04/1999,['Hyper Cutter'-'Sand Veil'-'Immunity']
208,Steelix,125,230,75,Iron Snake,2,05/02/1999,['Rock Head'-'Sturdy'-'Sheer Force']
209,Snubbull,80,50,60,Fairy,2,08/30/1999,['Intimidate'-'Run Away'-'Rattled']
210,Granbull,120,75,90,Fairy,2,12/29/1999,['Intimidate'-'Quick Feet'-'Rattled']
211,Qwilfish,95,85,65,Balloon,2,11/12/1999,['Poison Point'-'Swift Swim'-'Intimidate']
212,Scizor,150,140,70,Pincer,2,12/14/1999,['Swarm'-'Technician'-'Light Metal']
213,Shuckle,10,230,20,Mold,2,04/06/1999,['Sturdy'-'Gluttony'-'Contrary']
214,Heracross,185,115,80,Singlehorn,2,03/27/1999,['Swarm'-'Guts'-'Moxie']
215,Sneasel,95,55,55,Sharp Claw,2,05/24/1999,['Inner Focus'-'Keen Eye'-'Pickpocket']
216,Teddiursa,80,50,60,Little Bear,2,11/24/1999,['Pickup'-'Quick Feet'-'Honey Gather']
217,Ursaring,130,75,90,Hibernator,2,05/10/1999,['Guts'-'Quick Feet'-'Unnerve']
218,Slugma,40,40,40,Lava,2,08/22/1999,['Magma Armor'-'Flame Body'-'Weak Armor']
219,Magcargo,50,120,60,Lava,2,09/10/1999,['Magma Armor'-'Flame Body'-'Weak Armor']
220,Swinub,50,40,50,Pig,2,11/15/1999,['Oblivious'-'Snow Cloak'-'Thick Fat']
221,Piloswine,100,80,100,Swine,2,02/23/1999,['Oblivious'-'Snow Cloak'-'Thick Fat']
222,Corsola,55,95,65,Coral,2,10/12/1999,['Hustle'-'Natural Cure'-'Regenerator']
223,Remoraid,65,35,35,Jet,2,07/03/1999,['Hustle'-'Sniper'-'Moody']
224,Octillery,105,75,75,Jet,2,09/06/1999,['Suction Cups'-'Sniper'-'Moody']
225,Delibird,55,45,45,Delivery,2,01/16/1999,['Vital Spirit'-'Hustle'-'Insomnia']
226,Mantine,40,70,85,Kite,2,04/29/1999,['Swift Swim'-'Water Absorb'-'Water Veil']
227,Skarmory,80,140,65,Armor Bird,2,04/18/1999,['Keen Eye'-'Sturdy'-'Weak Armor']
228,Houndour,60,30,45,Dark,2,09/15/1999,['Early Bird'-'Flash Fire'-'Unnerve']
229,Houndoom,90,90,75,Dark,2,11/03/1999,['Early Bird'-'Flash Fire'-'Unnerve']
230,Kingdra,95,95,75,Dragon,2,02/18/1999,['Swift Swim'-'Sniper'-'Damp']
231,Phanpy,60,60,90,Long Nose,2,05/27/1999,['Pickup'-'Sand Veil']
232,Donphan,120,120,90,Armor,2,09/26/1999,['Sturdy'-'Sand Veil']
233,Porygon2,80,90,85,Virtual,2,09/07/1999,['Trace'-'Download'-'Analytic']
234,Stantler,95,62,73,Big Horn,2,10/07/1999,['Intimidate'-'Frisk'-'Sap Sipper']
235,Smeargle,20,35,55,Painter,2,06/09/1999,['Own Tempo'-'Technician'-'Moody']
236,Tyrogue,35,35,35,Scuffle,2,02/18/1999,['Guts'-'Steadfast'-'Vital Spirit']
237,Hitmontop,95,95,50,Handstand,2,02/14/1999,['Intimidate'-'Technician'-'Steadfast']
238,Smoochum,30,15,45,Kiss,2,07/03/1999,['Oblivious'-'Forewarn'-'Hydration']
239,Elekid,63,37,45,Electric,2,11/24/1999,['Static'-'Vital Spirit']
240,Magby,75,37,45,Live Coal,2,06/29/1999,['Flame Body'-'Vital Spirit']
241,Miltank,80,105,95,Milk Cow,2,08/26/1999,['Thick Fat'-'Scrappy'-'Sap Sipper']
242,Blissey,10,10,255,Happiness,2,05/04/1999,['Natural Cure'-'Serene Grace'-'Healer']
243,Raikou,85,75,90,Thunder,2,09/09/1999,['Pressure'-'Inner Focus']
244,Entei,115,85,115,Volcano,2,03/11/1999,['Pressure'-'Inner Focus']
245,Suicune,75,115,100,Aurora,2,11/17/1999,['Pressure'-'Inner Focus']
246,Larvitar,64,50,50,Rock Skin,2,12/12/1999,['Guts'-'Sand Veil']
247,Pupitar,84,70,70,Hard Shell,2,04/24/1999,['Shed Skin']
248,Tyranitar,164,150,100,Armor,2,10/23/1999,['Sand Stream'-'Unnerve']
249,Lugia,90,130,106,Diving,2,03/18/1999,['Pressure'-'Multiscale']
250,Ho-Oh,130,90,106,Rainbow,2,10/21/1999,['Pressure'-'Regenerator']
251,Celebi,100,100,100,Time Travel,2,09/07/1999,['Natural Cure']
252,Treecko,45,35,40,Wood Gecko,3,04/05/2002,['Overgrow'-'Unburden']
253,Grovyle,65,45,50,Wood Gecko,3,03/28/2002,['Overgrow'-'Unburden']
254,Sceptile,110,75,70,Forest,3,02/24/2002,['Overgrow'-'Unburden']
255,Torchic,60,40,45,Chick,3,12/09/2002,['Blaze'-'Speed Boost']
256,Combusken,85,60,60,Young Fowl,3,06/07/2002,['Blaze'-'Speed Boost']
257,Blaziken,160,80,80,Blaze,3,05/12/2002,['Blaze'-'Speed Boost']
258,Mudkip,70,50,50,Mud Fish,3,11/22/2002,['Torrent'-'Damp']
259,Marshtomp,85,70,70,Mud Fish,3,04/17/2002,['Torrent'-'Damp']
260,Swampert,150,110,100,Mud Fish,3,08/06/2002,['Torrent'-'Damp']
261,Poochyena,55,35,35,Bite,3,03/09/2002,['Run Away'-'Quick Feet'-'Rattled']
262,Mightyena,90,70,70,Bite,3,10/07/2002,['Intimidate'-'Quick Feet'-'Moxie']
263,Zigzagoon,30,41,38,Tiny Racoon,3,04/23/2002,['Pickup'-'Gluttony'-'Quick Feet']
264,Linoone,70,61,78,Rush,3,01/08/2002,['Pickup'-'Gluttony'-'Quick Feet']
265,Wurmple,45,35,45,Worm,3,11/03/2002,['Shield Dust'-'Run Away']
266,Silcoon,35,55,50,Cocoon,3,01/03/2002,['Shed Skin']
267,Beautifly,70,50,60,Butterfly,3,06/22/2002,['Swarm'-'Rivalry']
268,Cascoon,35,55,50,Cocoon,3,04/12/2002,['Shed Skin']
269,Dustox,50,70,60,Poison Moth,3,07/20/2002,['Shield Dust'-'Compoundeyes']
270,Lotad,30,30,40,Water Weed,3,07/06/2002,['Swift Swim'-'Rain Dish'-'Own Tempo']
271,Lombre,50,50,60,Jolly,3,05/16/2002,['Swift Swim'-'Rain Dish'-'Own Tempo']
272,Ludicolo,70,70,80,Carefree,3,01/23/2002,['Swift Swim'-'Rain Dish'-'Own Tempo']
273,Seedot,40,50,40,Acorn,3,02/01/2002,['Chlorophyll'-'Early Bird'-'Pickpocket']
274,Nuzleaf,70,40,70,Wily,3,08/21/2002,['Chlorophyll'-'Early Bird'-'Pickpocket']
275,Shiftry,100,60,90,Wickid,3,11/07/2002,['Chlorophyll'-'Early Bird'-'Pickpocket']
276,Taillow,55,30,40,TinySwallow,3,09/16/2002,['Guts'-'Scrappy']
277,Swellow,85,60,60,Swallow,3,05/22/2002,['Guts'-'Scrappy']
278,Wingull,30,30,40,Seagull,3,03/11/2002,['Keen Eye'-'Hydration'-'Rain Dish']
279,Pelipper,50,100,60,Water Bird,3,06/02/2002,['Keen Eye'-'Drizzle'-'Rain Dish']
280,Ralts,25,25,28,Feeling,3,05/19/2002,['Synchronize'-'Trace'-'Telepathy']
281,Kirlia,35,35,38,Emotion,3,05/24/2002,['Synchronize'-'Trace'-'Telepathy']
282,Gardevoir,85,65,68,Embrace,3,11/09/2002,['Synchronize'-'Trace'-'Telepathy']
283,Surskit,30,32,40,Pond Skater,3,04/23/2002,['Swift Swim'-'Rain Dish']
284,Masquerain,60,62,70,Eyeball,3,04/26/2002,['Intimidate'-'Unnerve']
285,Shroomish,40,60,60,Mushroom,3,02/15/2002,['Effect Spore'-'Poison Heal'-'Quick Feet']
286,Breloom,130,80,60,Mushroom,3,05/18/2002,['Effect Spore'-'Poison Heal'-'Technician']
287,Slakoth,60,60,60,Slacker,3,08/30/2002,['Truant']
288,Vigoroth,80,80,80,Wild Monkey,3,06/08/2002,['Vital Spirit']
289,Slaking,160,100,150,Lazy,3,06/03/2002,['Truant']
290,Nincada,45,90,31,Trainee,3,03/23/2002,['Compoundeyes'-'Run Away']
291,Ninjask,90,45,61,Ninja,3,04/06/2002,['Speed Boost'-'Infiltrator']
292,Shedinja,90,45,1,Shed,3,12/06/2002,['Wonder Guard']
293,Whismur,51,23,64,Whisper,3,03/27/2002,['Soundproof'-'Rattled']
294,Loudred,71,43,84,Big Voice,3,09/17/2002,['Soundproof'-'Scrappy']
295,Exploud,91,63,104,Loud Noise,3,12/21/2002,['Soundproof'-'Scrappy']
296,Makuhita,60,30,72,Guts,3,07/05/2002,['Thick Fat'-'Guts'-'Sheer Force']
297,Hariyama,120,60,144,Arm Thrust,3,01/02/2002,['Thick Fat'-'Guts'-'Sheer Force']
298,Azurill,20,40,50,Polka Dot,3,09/06/2002,['Thick Fat'-'Huge Power'-'Sap Sipper']
299,Nosepass,45,135,30,Compass,3,05/21/2002,['Sturdy'-'Magnet Pull'-'Sand Force']
300,Skitty,45,45,50,Kitten,3,04/17/2002,['Cute Charm'-'Normalize'-'Wonder Skin ']
301,Delcatty,65,65,70,Prim,3,10/12/2002,['Cute Charm'-'Normalize'-'Wonder Skin ']
302,Sableye,85,125,50,Darkness,3,08/07/2002,['Keen Eye'-'Stall'-'Prankster']
303,Mawile,105,125,50,Deceiver,3,10/12/2002,['Hyper Cutter'-'Intimidate'-'Sheer Force']
304,Aron,70,100,50,Iron Armor,3,09/07/2002,['Sturdy'-'Rock Head'-'Heavy Metal']
305,Lairon,90,140,60,Iron Armor,3,12/24/2002,['Sturdy'-'Rock Head'-'Heavy Metal']
306,Aggron,140,230,70,Iron Armor,3,03/29/2002,['Sturdy'-'Rock Head'-'Heavy Metal']
307,Meditite,40,55,30,Meditate,3,02/22/2002,['Pure Power'-'Telepathy']
308,Medicham,100,85,60,Meditate,3,04/10/2002,['Pure Power'-'Telepathy']
309,Electrike,45,40,40,Lightning,3,04/19/2002,['Static'-'Lightningrod'-'Minus']
310,Manectric,75,80,70,Discharge,3,11/03/2002,['Static'-'Lightningrod'-'Minus']
311,Plusle,50,40,60,Cheering,3,09/28/2002,['Plus'-'Lightningrod']
312,Minun,40,50,60,Cheering,3,07/18/2002,['Minus'-'Volt Absorb']
313,Volbeat,73,75,65,Firefly,3,08/20/2002,['Illuminate'-'Swarm'-'Prankster']
314,Illumise,47,75,65,Firefly,3,08/14/2002,['Oblivious'-'Tinted Lens'-'Prankster']
315,Roselia,60,45,50,Thorn,3,02/01/2002,['Natural Cure'-'Poison Point'-'Leaf Guard']
316,Gulpin,43,53,70,Stomach,3,03/18/2002,['Liquid Ooze'-'Sticky Hold'-'Gluttony']
317,Swalot,73,83,100,Poison Bag,3,04/17/2002,['Liquid Ooze'-'Sticky Hold'-'Gluttony']
318,Carvanha,90,20,45,Savage,3,07/29/2002,['Rough Skin'-'Speed Boost']
319,Sharpedo,140,70,70,Brutal,3,08/01/2002,['Rough Skin'-'Speed Boost']
320,Wailmer,70,35,130,Ball Whale,3,12/12/2002,['Water Veil'-'Oblivious'-'Pressure']
321,Wailord,90,45,170,Float Whale,3,02/12/2002,['Water Veil'-'Oblivious'-'Pressure']
322,Numel,60,40,60,Numb,3,04/13/2002,['Oblivious'-'Simple'-'Own Tempo']
323,Camerupt,120,100,70,Eruption,3,12/05/2002,['Magma Armor'-'Solid Rock'-'Anger Point']
324,Torkoal,85,140,70,Coal,3,10/09/2002,['White Smoke'-'Drought'-'Shell Armor']
325,Spoink,25,35,60,Bounce,3,03/07/2002,['Thick Fat'-'Own Tempo'-'Gluttony']
326,Grumpig,45,65,80,Manipulate,3,12/13/2002,['Thick Fat'-'Own Tempo'-'Gluttony']
327,Spinda,60,60,60,Spot Panda,3,07/03/2002,['Own Tempo'-'Tangled Feet'-'Contrary']
328,Trapinch,100,45,45,Ant Pit,3,09/23/2002,['Hyper Cutter'-'Arena Trap'-'Sheer Force']
329,Vibrava,70,50,50,Vibration,3,06/01/2002,['Levitate']
330,Flygon,100,80,80,Mystic,3,02/03/2002,['Levitate']
331,Cacnea,85,40,50,Cactus,3,04/29/2002,['Sand Veil'-'Water Absorb']
332,Cacturne,115,60,70,Scarecrow,3,03/30/2002,['Sand Veil'-'Water Absorb']
333,Swablu,40,60,45,Cotton Bird,3,08/19/2002,['Natural Cure'-'Cloud Nine']
334,Altaria,110,110,75,Humming,3,12/25/2002,['Natural Cure'-'Cloud Nine']
335,Zangoose,115,60,73,Cat Ferret,3,12/20/2002,['Immunity'-'Toxic Boost']
336,Seviper,100,60,73,Fang Snake,3,11/01/2002,['Shed Skin'-'Infiltrator']
337,Lunatone,55,65,90,Meteorite,3,04/29/2002,['Levitate']
338,Solrock,95,85,90,Meteorite,3,01/01/2002,['Levitate']
339,Barboach,48,43,50,Whiskers,3,08/28/2002,['Oblivious'-'Anticipation'-'Hydration']
340,Whiscash,78,73,110,Whiskers,3,04/02/2002,['Oblivious'-'Anticipation'-'Hydration']
341,Corphish,80,65,43,Ruffian,3,04/06/2002,['Hyper Cutter'-'Shell Armor'-'Adaptability']
342,Crawdaunt,120,85,63,Rogue,3,06/24/2002,['Hyper Cutter'-'Shell Armor'-'Adaptability']
343,Baltoy,40,55,40,Clay Doll,3,10/24/2002,['Levitate']
344,Claydol,70,105,60,Clay Doll,3,10/23/2002,['Levitate']
345,Lileep,41,77,66,Sea Lily,3,05/27/2002,['Suction Cups'-'Storm Drain']
346,Cradily,81,97,86,Barnacle,3,11/12/2002,['Suction Cups'-'Storm Drain']
347,Anorith,95,50,45,Old Shrimp,3,09/03/2002,['Battle Armor'-'Swift Swim']
348,Armaldo,125,100,75,Plate,3,12/01/2002,['Battle Armor'-'Swift Swim']
349,Feebas,15,20,20,Fish,3,06/02/2002,['Swift Swim'-'Oblivious'-'Adaptability']
350,Milotic,60,79,95,Tender,3,01/19/2002,['Marvel Scale'-'Competitive'-'Cute Charm']
351,Castform,70,70,70,Weather,3,02/17/2002,['Forecast']
352,Kecleon,90,70,60,Color Swap,3,09/10/2002,['Color Change'-'Protean']
353,Shuppet,75,35,44,Puppet,3,05/04/2002,['Insomnia'-'Frisk'-'Cursed Body']
354,Banette,165,75,64,Marionette,3,08/20/2002,['Insomnia'-'Frisk'-'Cursed Body']
355,Duskull,40,90,20,Requiem,3,08/22/2002,['Levitate'-'Frisk']
356,Dusclops,70,130,40,Beckon,3,07/30/2002,['Pressure'-'Frisk']
357,Tropius,68,83,99,Fruit,3,01/26/2002,['Chlorophyll'-'Solar Power'-'Harvest']
358,Chimecho,50,80,75,Wind Chime,3,03/16/2002,['Levitate']
359,Absol,150,60,65,Disaster,3,02/16/2002,['Pressure'-'Super Luck'-'Justified']
360,Wynaut,23,48,95,Bright,3,11/13/2002,['Shadow Tag'-'Telepathy']
361,Snorunt,50,50,50,Snow Hat,3,09/16/2002,['Inner Focus'-'Ice Body'-'Moody']
362,Glalie,120,80,80,Face,3,07/07/2002,['Inner Focus'-'Ice Body'-'Moody']
363,Spheal,40,50,70,Clap,3,03/25/2002,['Thick Fat'-'Ice Body'-'Oblivious']
364,Sealeo,60,70,90,Ball Roll,3,02/03/2002,['Thick Fat'-'Ice Body'-'Oblivious']
365,Walrein,80,90,110,Ice Break,3,09/18/2002,['Thick Fat'-'Ice Body'-'Oblivious']
366,Clamperl,64,85,35,Bivalve,3,10/04/2002,['Shell Armor'-'Rattled']
367,Huntail,104,105,55,Deep Sea,3,06/27/2002,['Swift Swim'-'Water Veil']
368,Gorebyss,84,105,55,South Sea,3,10/08/2002,['Swift Swim'-'Hydration']
369,Relicanth,90,130,100,Longevity,3,05/26/2002,['Swift Swim'-'Rock Head'-'Sturdy']
370,Luvdisc,30,55,43,Rendezvous,3,11/29/2002,['Swift Swim'-'Hydration']
371,Bagon,75,60,45,Rock Head,3,01/11/2002,['Rock Head'-'Sheer Force']
372,Shelgon,95,100,65,Endurance,3,01/04/2002,['Rock Head'-'Overcoat']
373,Salamence,145,130,95,Dragon,3,05/26/2002,['Intimidate'-'Moxie']
374,Beldum,55,80,40,Iron Ball,3,10/07/2002,['Clear Body'-'Light Metal']
375,Metang,75,100,60,Iron Claw,3,12/15/2002,['Clear Body'-'Light Metal']
376,Metagross,145,150,80,Iron Leg,3,07/30/2002,['Clear Body'-'Light Metal']
377,Regirock,100,200,80,Rock Peak,3,08/01/2002,['Clear Body'-'Sturdy']
378,Regice,50,100,80,Iceberg,3,07/15/2002,['Clear Body'-'Ice Body']
379,Registeel,75,150,80,Iron,3,02/03/2002,['Clear Body'-'Light Metal']
380,Latias,100,120,80,Eon,3,01/07/2002,['Levitate']
381,Latios,130,100,80,Eon,3,12/07/2002,['Levitate']
382,Kyogre,150,90,100,Sea Basin,3,12/02/2002,['Drizzle']
383,Groudon,180,160,100,Continent,3,07/01/2002,['Drought']
384,Rayquaza,180,100,105,Sky High,3,08/29/2002,['Air Lock']
385,Jirachi,100,100,100,Wish,3,02/01/2002,['Serene Grace']
386,Deoxys,95,90,50,DNA,3,09/21/2002,['Pressure']
387,Turtwig,68,64,55,Tiny Leaf,4,10/08/2006,['Overgrow'-'Shell Armor']
388,Grotle,89,85,75,Grove,4,02/17/2006,['Overgrow'-'Shell Armor']
389,Torterra,109,105,95,Continent,4,12/01/2006,['Overgrow'-'Shell Armor']
390,Chimchar,58,44,44,Chimp,4,06/25/2006,['Blaze'-'Iron Fist']
391,Monferno,78,52,64,Playful,4,09/01/2006,['Blaze'-'Iron Fist']
392,Infernape,104,71,76,Flame,4,05/23/2006,['Blaze'-'Iron Fist']
393,Piplup,51,53,53,Penguin,4,03/11/2006,['Torrent'-'Defiant']
394,Prinplup,66,68,64,Penguin,4,07/07/2006,['Torrent'-'Defiant']
395,Empoleon,86,88,84,Emperor,4,09/27/2006,['Torrent'-'Defiant']
396,Starly,55,30,40,Starling,4,11/24/2006,['Keen Eye'-'Reckless']
397,Staravia,75,50,55,Starling,4,05/12/2006,['Intimidate'-'Reckless']
398,Staraptor,120,70,85,Predator,4,01/21/2006,['Intimidate'-'Reckless']
399,Bidoof,45,40,59,Plump Mouse,4,08/02/2006,['Simple'-'Unaware'-'Moody']
400,Bibarel,85,60,79,Beaver,4,09/20/2006,['Simple'-'Unaware'-'Moody']
401,Kricketot,25,41,37,Cricket,4,10/18/2006,['Shed Skin'-'Run Away']
402,Kricketune,85,51,77,Cricket,4,02/02/2006,['Swarm'-'Technician']
403,Shinx,65,34,45,Flash,4,12/12/2006,['Rivalry'-'Intimidate'-'Guts']
404,Luxio,85,49,60,Spark,4,05/01/2006,['Rivalry'-'Intimidate'-'Guts']
405,Luxray,120,79,80,Gleam Eyes,4,11/18/2006,['Rivalry'-'Intimidate'-'Guts']
406,Budew,30,35,40,Bud,4,03/08/2006,['Natural Cure'-'Poison Point'-'Leaf Guard']
407,Roserade,70,65,60,Bouquet,4,03/06/2006,['Natural Cure'-'Poison Point'-'Technician']
408,Cranidos,125,40,67,Head Butt,4,07/28/2006,['Mold Breaker'-'Sheer Force']
409,Rampardos,165,60,97,Head Butt,4,03/29/2006,['Mold Breaker'-'Sheer Force']
410,Shieldon,42,118,30,Shield,4,10/01/2006,['Sturdy'-'Soundproof']
411,Bastiodon,52,168,60,Shield,4,05/04/2006,['Sturdy'-'Soundproof']
412,Burmy,29,45,40,Bagworm,4,11/05/2006,['Shed Skin'-'Overcoat']
413,Wormadam,69,95,60,Bagworm,4,08/17/2006,['Anticipation'-'Overcoat']
414,Mothim,94,50,70,Moth,4,04/27/2006,['Swarm'-'Tinted Lens']
415,Combee,30,42,30,Tiny Bee,4,12/27/2006,['Honey Gather'-'Hustle']
416,Vespiquen,80,102,70,Beehive,4,05/12/2006,['Pressure'-'Unnerve']
417,Pachirisu,45,70,60,EleSquirrel,4,03/24/2006,['Run Away'-'Pickup'-'Volt Absorb']
418,Buizel,65,35,55,Sea Weasel,4,11/18/2006,['Swift Swim'-'Water Veil']
419,Floatzel,105,55,85,Sea Weasel,4,07/30/2006,['Swift Swim'-'Water Veil']
420,Cherubi,35,45,45,Cherry,4,02/02/2006,['Chlorophyll']
421,Cherrim,60,70,70,Blossom,4,02/14/2006,['Flower Gift']
422,Shellos,48,48,76,Sea Slug,4,11/27/2006,['Sticky Hold'-'Storm Drain'-'Sand Force']
423,Gastrodon,83,68,111,Sea Slug,4,08/26/2006,['Sticky Hold'-'Storm Drain'-'Sand Force']
424,Ambipom,100,66,75,Long Tail,4,01/09/2006,['Technician'-'Pickup'-'Skill Link']
425,Drifloon,50,34,90,Balloon,4,10/16/2006,['Aftermath'-'Unburden'-'Flare Boost']
426,Drifblim,80,44,150,Blimp,4,06/18/2006,['Aftermath'-'Unburden'-'Flare Boost']
427,Buneary,66,44,55,Rabbit,4,04/25/2006,['Run Away'-'Klutz'-'Limber']
428,Lopunny,136,94,65,Rabbit,4,09/30/2006,['Cute Charm'-'Klutz'-'Limber']
429,Mismagius,60,60,60,Magical,4,04/27/2006,['Levitate']
430,Honchkrow,125,52,100,Big Boss,4,02/14/2006,['Insomnia'-'Super Luck'-'Moxie']
431,Glameow,55,42,49,Catty,4,11/17/2006,['Limber'-'Own Tempo'-'Keen Eye']
432,Purugly,82,64,71,Tiger Cat,4,05/13/2006,['Thick Fat'-'Own Tempo'-'Defiant']
433,Chingling,30,50,45,Bell,4,02/11/2006,['Levitate']
434,Stunky,63,47,63,Skunk,4,05/14/2006,['Stench'-'Aftermath'-'Keen Eye']
435,Skuntank,93,67,103,Skunk,4,11/18/2006,['Stench'-'Aftermath'-'Keen Eye']
436,Bronzor,24,86,57,Bronze,4,02/05/2006,['Levitate'-'Heatproof'-'Heavy Metal']
437,Bronzong,89,116,67,Bronze Bell,4,07/21/2006,['Levitate'-'Heatproof'-'Heavy Metal']
438,Bonsly,80,95,50,Bonsai,4,05/17/2006,['Sturdy'-'Rock Head'-'Rattled']
439,Mime Jr.,25,45,20,Mime,4,12/30/2006,['Soundproof'-'Filter'-'Technician']
440,Happiny,5,5,100,Playhouse,4,08/30/2006,['Natural Cure'-'Serene Grace'-'Friend Guard']
441,Chatot,65,45,76,Music Note,4,11/13/2006,['Keen Eye'-'Tangled Feet'-'Big Pecks']
442,Spiritomb,92,108,50,Forbidden,4,03/15/2006,['Pressure'-'Infiltrator']
443,Gible,70,45,58,Land Shark,4,03/15/2006,['Sand Veil'-'Rough Skin']
444,Gabite,90,65,68,Cave,4,02/19/2006,['Sand Veil'-'Rough Skin']
445,Garchomp,170,115,108,Mach,4,10/11/2006,['Sand Veil'-'Rough Skin']
446,Munchlax,85,40,135,Big Eater,4,09/12/2006,['Pickup'-'Thick Fat'-'Gluttony']
447,Riolu,70,40,40,Emanation,4,08/03/2006,['Steadfast'-'Inner Focus'-'Prankster']
448,Lucario,145,88,70,Aura,4,09/23/2006,['Steadfast'-'Inner Focus'-'Justified']
449,Hippopotas,72,78,68,Hippo,4,05/22/2006,['Sand Stream'-'Sand Force']
450,Hippowdon,112,118,108,Heavyweight,4,11/01/2006,['Sand Stream'-'Sand Force']
451,Skorupi,50,90,40,Scorpion,4,09/29/2006,['Battle Armor'-'Sniper'-'Keen Eye']
452,Drapion,90,110,70,Ogre Scorp,4,08/19/2006,['Battle Armor'-'Sniper'-'Keen Eye']
453,Croagunk,61,40,48,Toxic Mouth,4,02/11/2006,['Anticipation'-'Dry Skin'-'Poison Touch']
454,Toxicroak,106,65,83,Toxic Mouth,4,02/09/2006,['Anticipation'-'Dry Skin'-'Poison Touch']
455,Carnivine,100,72,74,Bug Catcher,4,09/07/2006,['Levitate']
456,Finneon,49,56,49,Wing Fish,4,02/13/2006,['Swift Swim'-'Storm Drain'-'Water Veil']
457,Lumineon,69,76,69,Neon,4,01/28/2006,['Swift Swim'-'Storm Drain'-'Water Veil']
458,Mantyke,20,50,45,Kite,4,01/16/2006,['Swift Swim'-'Water Absorb'-'Water Veil']
459,Snover,62,50,60,Frosted Tree,4,08/25/2006,['Snow Warning'-'Soundproof']
460,Abomasnow,132,105,90,Frosted Tree,4,05/06/2006,['Snow Warning'-'Soundproof']
461,Weavile,120,65,70,Sharp Claw,4,09/12/2006,['Pressure'-'Pickpocket']
462,Magnezone,70,115,70,Magnet Area,4,09/29/2006,['Magnet Pull'-'Sturdy'-'Analytic']
463,Lickilicky,85,95,110,Licking,4,08/27/2006,['Own Tempo'-'Oblivious'-'Cloud Nine']
464,Rhyperior,140,130,115,Drill,4,01/20/2006,['Lightningrod'-'Solid Rock'-'Reckless']
465,Tangrowth,100,125,100,Vine,4,11/28/2006,['Chlorophyll'-'Leaf Guard'-'Regenerator']
466,Electivire,123,67,75,Thunderbolt,4,07/06/2006,['Motor Drive'-'Vital Spirit']
467,Magmortar,95,67,75,Blast,4,08/27/2006,['Flame Body'-'Vital Spirit']
468,Togekiss,50,95,85,Jubilee,4,05/20/2006,['Hustle'-'Serene Grace'-'Super Luck']
469,Yanmega,76,86,86,Ogre Darner,4,03/17/2006,['Speed Boost'-'Tinted Lens'-'Frisk']
470,Leafeon,110,130,65,Verdant,4,08/15/2006,['Leaf Guard'-'Chlorophyll']
471,Glaceon,60,110,65,Fresh Snow,4,06/15/2006,['Snow Cloak'-'Ice Body']
472,Gliscor,95,125,75,Fang Scorp,4,07/02/2006,['Hyper Cutter'-'Sand Veil'-'Poison Heal']
473,Mamoswine,130,80,110,Twin Tusk,4,05/21/2006,['Oblivious'-'Snow Cloak'-'Thick Fat']
474,Porygon-Z,80,70,85,Virtual,4,12/06/2006,['Adaptability'-'Download'-'Analytic']
475,Gallade,165,95,68,Blade,4,06/24/2006,['Steadfast'-'Justified']
476,Probopass,55,145,60,Compass,4,03/12/2006,['Sturdy'-'Magnet Pull'-'Sand Force']
477,Dusknoir,100,135,45,Gripper,4,07/06/2006,['Pressure'-'Frisk']
478,Froslass,80,70,70,Snow Land,4,02/16/2006,['Snow Cloak'-'Cursed Body']
479,Rotom,65,107,50,Plasma,4,10/17/2006,['Levitate']
480,Uxie,75,130,75,Knowledge,4,09/19/2006,['Levitate']
481,Mesprit,105,105,80,Emotion,4,01/17/2006,['Levitate']
482,Azelf,125,70,75,Willpower,4,04/16/2006,['Levitate']
483,Dialga,120,120,100,Temporal,4,09/04/2006,['Pressure'-'Telepathy']
484,Palkia,120,100,90,Spatial,4,03/08/2006,['Pressure'-'Telepathy']
485,Heatran,90,106,91,Lava Dome,4,06/02/2006,['Flash Fire'-'Flame Body']
486,Regigigas,160,110,110,Colossal,4,05/21/2006,['Slow Start']
487,Giratina,120,100,150,Renegade,4,03/21/2006,['Pressure'-'Telepathy'-'Levitate']
488,Cresselia,70,120,120,Lunar,4,04/14/2006,['Levitate']
489,Phione,80,80,80,Sea Drifter,4,09/19/2006,['Hydration']
490,Manaphy,100,100,100,Seafaring,4,05/09/2006,['Hydration']
491,Darkrai,90,90,70,Pitch-Black,4,03/18/2006,['Bad Dreams']
492,Shaymin,103,75,100,Gratitude,4,12/09/2006,['Natural Cure'-'Serene Grace']
493,Arceus,120,120,120,Alpha,4,04/02/2006,['Multitype']
494,Victini,100,100,100,Victory,5,09/19/2010,['Victory Star']
495,Snivy,45,55,45,Grass Snake,5,09/20/2010,['Overgrow'-'Contrary']
496,Servine,60,75,60,Grass Snake,5,03/15/2010,['Overgrow'-'Contrary']
497,Serperior,75,95,75,Regal,5,12/30/2010,['Overgrow'-'Contrary']
498,Tepig,63,45,65,Fire Pig,5,05/24/2010,['Blaze'-'Thick Fat']
499,Pignite,93,55,90,Fire Pig,5,12/28/2010,['Blaze'-'Thick Fat']
500,Emboar,123,65,110,Mega Fire Pig,5,11/18/2010,['Blaze'-'Reckless']
501,Oshawott,55,45,55,Sea Otter,5,07/18/2010,['Torrent'-'Shell Armor']
502,Dewott,75,60,75,Discipline,5,09/30/2010,['Torrent'-'Shell Armor']
503,Samurott,100,85,95,Formidable,5,02/05/2010,['Torrent'-'Shell Armor']
504,Patrat,55,39,45,Scout,5,04/06/2010,['Run Away'-'Keen Eye'-'Analytic']
505,Watchog,85,69,60,Lookout,5,09/25/2010,['Illuminate'-'Keen Eye'-'Analytic']
506,Lillipup,60,45,45,Puppy,5,12/20/2010,['Vital Spirit'-'Pickup'-'Run Away']
507,Herdier,80,65,65,Loyal Dog,5,08/21/2010,['Intimidate'-'Sand Rush'-'Scrappy']
508,Stoutland,110,90,85,Big-Hearted,5,05/18/2010,['Intimidate'-'Sand Rush'-'Scrappy']
509,Purrloin,50,37,41,Devious,5,07/01/2010,['Limber'-'Unburden'-'Prankster']
510,Liepard,88,50,64,Cruel,5,10/08/2010,['Limber'-'Unburden'-'Prankster']
511,Pansage,53,48,50,Grass Monkey,5,11/11/2010,['Gluttony'-'Overgrow']
512,Simisage,98,63,75,Thorn Monkey,5,10/11/2010,['Gluttony'-'Overgrow']
513,Pansear,53,48,50,High Temp,5,06/08/2010,['Gluttony'-'Blaze']
514,Simisear,98,63,75,Ember,5,10/25/2010,['Gluttony'-'Blaze']
515,Panpour,53,48,50,Spray,5,08/18/2010,['Gluttony'-'Torrent']
516,Simipour,98,63,75,Geyser,5,09/18/2010,['Gluttony'-'Torrent']
517,Munna,25,45,76,Dream Eater,5,06/21/2010,['Forewarn'-'Synchronize'-'Telepathy']
518,Musharna,55,85,116,Drowsing,5,05/02/2010,['Forewarn'-'Synchronize'-'Telepathy']
519,Pidove,55,50,50,Tiny Pigeon,5,07/11/2010,['Big Pecks'-'Super Luck'-'Rivalry']
520,Tranquill,77,62,62,Wild Pigeon,5,12/07/2010,['Big Pecks'-'Super Luck'-'Rivalry']
521,Unfezant,115,80,80,Proud,5,04/04/2010,['Big Pecks'-'Super Luck'-'Rivalry']
522,Blitzle,60,32,45,Electrified,5,01/24/2010,['Lightningrod'-'Motor Drive'-'Sap Sipper']
523,Zebstrika,100,63,75,Thunderbolt,5,11/19/2010,['Lightningrod'-'Motor Drive'-'Sap Sipper']
524,Roggenrola,75,85,55,Mantle,5,07/13/2010,['Sturdy'-'Weak Armor'-'Sand Force']
525,Boldore,105,105,70,Ore,5,05/28/2010,['Sturdy'-'Weak Armor'-'Sand Force']
526,Gigalith,135,130,85,Compressed,5,04/18/2010,['Sturdy'-'Sand Stream'-'Sand Force']
527,Woobat,45,43,65,Bat,5,10/21/2010,['Unaware'-'Klutz'-'Simple']
528,Swoobat,57,55,67,Courting,5,03/02/2010,['Unaware'-'Klutz'-'Simple']
529,Drilbur,85,40,60,Mole,5,03/17/2010,['Sand Rush'-'Sand Force'-'Mold Breaker']
530,Excadrill,135,60,110,Subterrene,5,08/15/2010,['Sand Rush'-'Sand Force'-'Mold Breaker']
531,Audino,60,126,103,Hearing,5,11/30/2010,['Healer'-'Regenerator'-'Klutz']
532,Timburr,80,55,75,Muscular,5,07/07/2010,['Guts'-'Sheer Force'-'Iron Fist']
533,Gurdurr,105,85,85,Muscular,5,05/18/2010,['Guts'-'Sheer Force'-'Iron Fist']
534,Conkeldurr,140,95,105,Muscular,5,07/28/2010,['Guts'-'Sheer Force'-'Iron Fist']
535,Tympole,50,40,50,Tadpole,5,06/02/2010,['Swift Swim'-'Hydration'-'Water Absorb']
536,Palpitoad,65,55,75,Vibration,5,12/13/2010,['Swift Swim'-'Hydration'-'Water Absorb']
537,Seismitoad,95,75,105,Vibration,5,01/27/2010,['Swift Swim'-'Poison Touch'-'Water Absorb']
538,Throh,100,85,120,Judo,5,04/23/2010,['Guts'-'Inner Focus'-'Mold Breaker']
539,Sawk,125,75,75,Karate,5,05/06/2010,['Sturdy'-'Inner Focus'-'Mold Breaker']
540,Sewaddle,53,70,45,Sewing,5,01/14/2010,['Swarm'-'Chlorophyll'-'Overcoat']
541,Swadloon,63,90,55,Leaf-Wrapped,5,07/06/2010,['Leaf Guard'-'Chlorophyll'-'Overcoat']
542,Leavanny,103,80,75,Nurturing,5,01/02/2010,['Swarm'-'Chlorophyll'-'Overcoat']
543,Venipede,45,59,30,Centipede,5,06/17/2010,['Poison Point'-'Swarm'-'Speed Boost']
544,Whirlipede,55,99,40,Curlipede,5,10/20/2010,['Poison Point'-'Swarm'-'Speed Boost']
545,Scolipede,100,89,60,Megapede,5,11/09/2010,['Poison Point'-'Swarm'-'Speed Boost']
546,Cottonee,27,60,40,Cotton Puff,5,10/29/2010,['Prankster'-'Infiltrator'-'Chlorophyll']
547,Whimsicott,67,85,60,Windveiled,5,03/02/2010,['Prankster'-'Infiltrator'-'Chlorophyll']
548,Petilil,35,50,45,Bulb,5,04/03/2010,['Chlorophyll'-'Own Tempo'-'Leaf Guard']
549,Lilligant,60,75,70,Flowering,5,03/21/2010,['Chlorophyll'-'Own Tempo'-'Leaf Guard']
550,Basculin,92,65,70,Hostile,5,04/01/2010,['Reckless'-'Rock Head'-'Adaptability'-'Mold Breaker']
551,Sandile,72,35,50,Desert Croc,5,10/27/2010,['Intimidate'-'Moxie'-'Anger Point']
552,Krokorok,82,45,60,Desert Croc,5,03/02/2010,['Intimidate'-'Moxie'-'Anger Point']
553,Krookodile,117,80,95,Intimidation,5,09/17/2010,['Intimidate'-'Moxie'-'Anger Point']
554,Darumaka,90,45,70,Zen Charm,5,09/11/2010,['Hustle'-'Inner Focus']
555,Darmanitan,30,105,105,Blazing,5,07/24/2010,['Sheer Force'-'Zen Mode']
556,Maractus,86,67,75,Cactus,5,03/04/2010,['Water Absorb'-'Chlorophyll'-'Storm Drain']
557,Dwebble,65,85,50,Rock Inn,5,11/30/2010,['Sturdy'-'Shell Armor'-'Weak Armor']
558,Crustle,105,125,70,Stone Home,5,01/07/2010,['Sturdy'-'Shell Armor'-'Weak Armor']
559,Scraggy,75,70,50,Shedding,5,07/14/2010,['Shed Skin'-'Moxie'-'Intimidate']
560,Scrafty,90,115,65,Hoodlum,5,06/15/2010,['Shed Skin'-'Moxie'-'Intimidate']
561,Sigilyph,58,80,72,Avianoid,5,05/13/2010,['Wonder Skin '-'Magic Guard'-'Tinted Lens']
562,Yamask,30,85,38,Spirit,5,05/02/2010,['Mummy']
563,Cofagrigus,50,145,58,Coffin,5,01/14/2010,['Mummy']
564,Tirtouga,78,103,54,Prototurtle,5,04/19/2010,['Solid Rock'-'Sturdy'-'Swift Swim']
565,Carracosta,108,133,74,Prototurtle,5,10/23/2010,['Solid Rock'-'Sturdy'-'Swift Swim']
566,Archen,112,45,55,First Bird,5,01/28/2010,['Defeatist']
567,Archeops,140,65,75,First Bird,5,04/20/2010,['Defeatist']
568,Trubbish,50,62,50,Trash Bag,5,07/06/2010,['Stench'-'Sticky Hold'-'Aftermath']
569,Garbodor,95,82,80,Trash Heap,5,10/03/2010,['Stench'-'Weak Armor'-'Aftermath']
570,Zorua,65,40,40,Tricky Fox,5,01/12/2010,['Illusion']
571,Zoroark,105,60,60,Illusion Fox,5,12/28/2010,['Illusion']
572,Minccino,50,40,55,Chinchilla,5,04/15/2010,['Cute Charm'-'Technician'-'Skill Link']
573,Cinccino,95,60,75,Scarf,5,06/08/2010,['Cute Charm'-'Technician'-'Skill Link']
574,Gothita,30,50,45,Fixation,5,07/04/2010,['Frisk'-'Competitive'-'Shadow Tag']
575,Gothorita,45,70,60,Manipulate,5,09/10/2010,['Frisk'-'Competitive'-'Shadow Tag']
576,Gothitelle,55,95,70,Astral Body,5,02/20/2010,['Frisk'-'Competitive'-'Shadow Tag']
577,Solosis,30,40,45,Cell,5,07/13/2010,['Overcoat'-'Magic Guard'-'Regenerator']
578,Duosion,40,50,65,Mitosis,5,08/13/2010,['Overcoat'-'Magic Guard'-'Regenerator']
579,Reuniclus,65,75,110,Multiplying,5,11/17/2010,['Overcoat'-'Magic Guard'-'Regenerator']
580,Ducklett,44,50,62,Water Bird,5,09/21/2010,['Keen Eye'-'Big Pecks'-'Hydration']
581,Swanna,87,63,75,White Bird,5,02/15/2010,['Keen Eye'-'Big Pecks'-'Hydration']
582,Vanillite,50,50,36,Fresh Snow,5,05/21/2010,['Ice Body'-'Snow Cloak'-'Weak Armor']
583,Vanillish,65,65,51,Icy Snow,5,03/05/2010,['Ice Body'-'Snow Cloak'-'Weak Armor']
584,Vanilluxe,95,85,71,Snowstorm,5,07/26/2010,['Ice Body'-'Snow Warning'-'Weak Armor']
585,Deerling,60,50,60,Season,5,09/28/2010,['Chlorophyll'-'Sap Sipper'-'Serene Grace']
586,Sawsbuck,100,70,80,Season,5,10/22/2010,['Chlorophyll'-'Sap Sipper'-'Serene Grace']
587,Emolga,75,60,55,Sky Squirrel,5,05/25/2010,['Static'-'Motor Drive']
588,Karrablast,75,45,50,Clamping,5,11/04/2010,['Swarm'-'Shed Skin'-'No Guard']
589,Escavalier,135,105,70,Cavalry,5,07/05/2010,['Swarm'-'Shell Armor'-'Overcoat']
590,Foongus,55,45,69,Mushroom,5,03/07/2010,['Effect Spore'-'Regenerator']
591,Amoonguss,85,70,114,Mushroom,5,09/30/2010,['Effect Spore'-'Regenerator']
592,Frillish,40,50,55,Floating,5,08/04/2010,['Water Absorb'-'Cursed Body'-'Damp']
593,Jellicent,60,70,100,Floating,5,10/29/2010,['Water Absorb'-'Cursed Body'-'Damp']
594,Alomomola,75,80,165,Caring,5,04/21/2010,['Healer'-'Hydration'-'Regenerator']
595,Joltik,47,50,50,Attaching,5,09/04/2010,['Compoundeyes'-'Unnerve'-'Swarm']
596,Galvantula,77,60,70,EleSpider,5,08/05/2010,['Compoundeyes'-'Unnerve'-'Swarm']
597,Ferroseed,50,91,44,Thorn Seed,5,04/02/2010,['Iron Barbs']
598,Ferrothorn,94,131,74,Thorn Pod,5,03/18/2010,['Iron Barbs'-'Anticipation']
599,Klink,55,70,40,Gear,5,03/27/2010,['Plus'-'Minus'-'Clear Body']
600,Klang,80,95,60,Gear,5,03/02/2010,['Plus'-'Minus'-'Clear Body']
601,Klinklang,100,115,60,Gear,5,12/27/2010,['Plus'-'Minus'-'Clear Body']
602,Tynamo,55,40,35,EleFish,5,02/06/2010,['Levitate']
603,Eelektrik,85,70,65,EleFish,5,03/01/2010,['Levitate']
604,Eelektross,115,80,85,EleFish,5,12/11/2010,['Levitate']
605,Elgyem,55,55,55,Cerebral,5,11/22/2010,['Telepathy'-'Synchronize'-'Analytic']
606,Beheeyem,75,75,75,Cerebral,5,10/19/2010,['Telepathy'-'Synchronize'-'Analytic']
607,Litwick,30,55,50,Candle,5,08/22/2010,['Flash Fire'-'Flame Body'-'Infiltrator']
608,Lampent,40,60,60,Lamp,5,01/05/2010,['Flash Fire'-'Flame Body'-'Infiltrator']
609,Chandelure,55,90,60,Luring,5,09/20/2010,['Flash Fire'-'Flame Body'-'Infiltrator']
610,Axew,87,60,46,Tusk,5,06/25/2010,['Rivalry'-'Mold Breaker'-'Unnerve']
611,Fraxure,117,70,66,Axe Jaw,5,11/23/2010,['Rivalry'-'Mold Breaker'-'Unnerve']
612,Haxorus,147,90,76,Axe Jaw,5,08/10/2010,['Rivalry'-'Mold Breaker'-'Unnerve']
613,Cubchoo,70,40,55,Chill,5,10/24/2010,['Snow Cloak'-'Slush Rush'-'Rattled']
614,Beartic,130,80,95,Freezing,5,12/13/2010,['Snow Cloak'-'Slush Rush'-'Swift Swim']
615,Cryogonal,50,50,80,Crystallizing,5,04/12/2010,['Levitate']
616,Shelmet,40,85,50,Snail,5,05/25/2010,['Hydration'-'Shell Armor'-'Overcoat']
617,Accelgor,70,40,80,Shell Out,5,03/01/2010,['Hydration'-'Sticky Hold'-'Unburden']
618,Stunfisk,66,84,109,Trap,5,07/23/2010,['Static'-'Limber'-'Sand Veil']
619,Mienfoo,85,50,45,Martial Arts,5,08/25/2010,['Inner Focus'-'Regenerator'-'Reckless']
620,Mienshao,125,60,65,Martial Arts,5,09/24/2010,['Inner Focus'-'Regenerator'-'Reckless']
621,Druddigon,120,90,77,Cave,5,06/03/2010,['Rough Skin'-'Sheer Force'-'Mold Breaker']
622,Golett,74,50,59,Automaton,5,05/18/2010,['Iron Fist'-'Klutz'-'No Guard']
623,Golurk,124,80,89,Automaton,5,12/16/2010,['Iron Fist'-'Klutz'-'No Guard']
624,Pawniard,85,70,45,Sharp Blade,5,08/22/2010,['Defiant'-'Inner Focus'-'Pressure']
625,Bisharp,125,100,65,Sword Blade,5,11/21/2010,['Defiant'-'Inner Focus'-'Pressure']
626,Bouffalant,110,95,95,Bash Buffalo,5,10/28/2010,['Reckless'-'Sap Sipper'-'Soundproof']
627,Rufflet,83,50,70,Eaglet,5,04/26/2010,['Keen Eye'-'Sheer Force'-'Hustle']
628,Braviary,123,75,100,Valiant,5,10/03/2010,['Keen Eye'-'Sheer Force'-'Defiant']
629,Vullaby,55,75,70,Diapered,5,04/01/2010,['Big Pecks'-'Overcoat'-'Weak Armor']
630,Mandibuzz,65,105,110,Bone Vulture,5,04/18/2010,['Big Pecks'-'Overcoat'-'Weak Armor']
631,Heatmor,97,66,85,Anteater,5,08/15/2010,['Gluttony'-'Flash Fire'-'White Smoke']
632,Durant,109,112,58,Iron Ant,5,01/25/2010,['Swarm'-'Hustle'-'Truant']
633,Deino,65,50,52,Irate,5,12/26/2010,['Hustle']
634,Zweilous,85,70,72,Hostile,5,03/07/2010,['Hustle']
635,Hydreigon,105,90,92,Brutal,5,05/18/2010,['Levitate']
636,Larvesta,85,55,55,Torch,5,01/08/2010,['Flame Body'-'Swarm']
637,Volcarona,60,65,85,Sun,5,10/30/2010,['Flame Body'-'Swarm']
638,Cobalion,90,129,91,Iron Will,5,02/24/2010,['Justified']
639,Terrakion,129,90,91,Cavern,5,01/26/2010,['Justified']
640,Virizion,90,72,91,Grassland,5,04/19/2010,['Justified']
641,Tornadus,100,80,79,Cyclone,5,10/29/2010,['Prankster'-'Defiant'-'Regenerator']
642,Thundurus,105,70,79,Bolt Strike,5,02/12/2010,['Prankster'-'Defiant'-'Volt Absorb']
643,Reshiram,120,100,100,Vast White,5,04/08/2010,['Turboblaze']
644,Zekrom,150,120,100,Deep Black,5,12/28/2010,['Teravolt']
645,Landorus,145,90,89,Abundance,5,10/28/2010,['Sand Force'-'Sheer Force'-'Intimidate']
646,Kyurem,120,90,125,Boundary,5,09/01/2010,['Pressure'-'Teravolt'-'Turboblaze']
647,Keldeo,72,90,91,Colt,5,01/11/2010,['Justified']
648,Meloetta,128,90,100,Melody,5,04/20/2010,['Serene Grace']
649,Genesect,120,95,71,Paleozoic,5,11/19/2010,['Download']
650,Chespin,61,65,56,Spiky Nut,6,11/18/2013,['Overgrow'-'Bulletproof']
651,Quilladin,78,95,61,Spiny Armor,6,08/13/2013,['Overgrow'-'Bulletproof']
652,Chesnaught,107,122,88,Spiny Armor,6,06/10/2013,['Overgrow'-'Bulletproof']
653,Fennekin,45,40,40,Fox,6,04/19/2013,['Blaze'-'Magician']
654,Braixen,59,58,59,Fox,6,05/21/2013,['Blaze'-'Magician']
655,Delphox,69,72,75,Fox,6,07/10/2013,['Blaze'-'Magician']
656,Froakie,56,40,41,Bubble Frog,6,06/20/2013,['Torrent'-'Protean']
657,Frogadier,63,52,54,Bubble Frog,6,05/03/2013,['Torrent'-'Protean']
658,Greninja,145,67,72,Ninja,6,08/20/2013,['Torrent'-'Protean'-'Battle Bond']
659,Bunnelby,36,38,38,Digging,6,01/14/2013,['Pickup'-'Cheek Pouch'-'Huge Power']
660,Diggersby,56,77,85,Digging,6,12/29/2013,['Pickup'-'Cheek Pouch'-'Huge Power']
661,Fletchling,50,43,45,Tiny Robin,6,04/26/2013,['Big Pecks'-'Gale Wings']
662,Fletchinder,73,55,62,Ember,6,01/22/2013,['Flame Body'-'Gale Wings']
663,Talonflame,81,71,78,Scorching,6,10/26/2013,['Flame Body'-'Gale Wings']
664,Scatterbug,35,40,38,Scatterdust,6,02/14/2013,['Shield Dust'-'Compoundeyes'-'Friend Guard']
665,Spewpa,22,60,45,Scatterdust,6,05/19/2013,['Shed Skin'-'Friend Guard']
666,Vivillon,52,50,80,Scale,6,03/03/2013,['Shield Dust'-'Compoundeyes'-'Friend Guard']
667,Litleo,50,58,62,Lion Cub,6,03/14/2013,['Rivalry'-'Unnerve'-'Moxie']
668,Pyroar,68,72,86,Royal,6,12/14/2013,['Rivalry'-'Unnerve'-'Moxie']
669,Flabb,38,39,44,Single Bloom,6,07/05/2013,['Flower Veil'-'Symbiosis']
670,Floette,65,67,74,Fairy,6,08/22/2013,['Flower Veil'-'Symbiosis']
671,Florges,65,68,78,Garden,6,10/14/2013,['Flower Veil'-'Symbiosis']
672,Skiddo,65,48,66,Mount,6,06/24/2013,['Sap Sipper'-'Grass Pelt']
673,Gogoat,100,62,123,Mount,6,04/11/2013,['Sap Sipper'-'Grass Pelt']
674,Pancham,82,62,67,Playful,6,11/29/2013,['Iron Fist'-'Mold Breaker'-'Scrappy']
675,Pangoro,124,78,95,Daunting,6,11/12/2013,['Iron Fist'-'Mold Breaker'-'Scrappy']
676,Furfrou,80,60,75,Poodle,6,02/09/2013,['Fur Coat']
677,Espurr,48,54,62,Restraint,6,04/27/2013,['Keen Eye'-'Infiltrator'-'Own Tempo']
678,Meowstic,48,76,74,Constraint,6,08/26/2013,['Keen Eye'-'Infiltrator'-'Prankster'-'Competitive']
679,Honedge,80,100,45,Sword,6,12/13/2013,['No Guard']
680,Doublade,110,150,59,Sword,6,07/29/2013,['No Guard']
681,Aegislash,150,50,60,Royal Sword,6,12/14/2013,['Stance Change']
682,Spritzee,52,60,78,Perfume,6,03/19/2013,['Healer'-'Aroma Veil']
683,Aromatisse,72,72,101,Fragrance,6,03/18/2013,['Healer'-'Aroma Veil']
684,Swirlix,48,66,62,Cotton Candy,6,07/26/2013,['Sweet Veil'-'Unburden']
685,Slurpuff,80,86,82,Meringue,6,12/27/2013,['Sweet Veil'-'Unburden']
686,Inkay,54,53,53,Revolving,6,08/06/2013,['Contrary'-'Suction Cups'-'Infiltrator']
687,Malamar,92,88,86,Overturning,6,10/30/2013,['Contrary'-'Suction Cups'-'Infiltrator']
688,Binacle,52,67,42,Two-Handed,6,12/28/2013,['Tough Claws'-'Sniper'-'Pickpocket']
689,Barbaracle,105,115,72,Collective,6,10/30/2013,['Tough Claws'-'Sniper'-'Pickpocket']
690,Skrelp,60,60,50,Mock Kelp,6,11/08/2013,['Poison Point'-'Poison Touch'-'Adaptability']
691,Dragalge,75,90,65,Mock Kelp,6,03/26/2013,['Poison Point'-'Poison Touch'-'Adaptability']
692,Clauncher,53,62,50,Water Gun,6,07/17/2013,['Mega Launcher']
693,Clawitzer,73,88,71,Howitzer,6,12/07/2013,['Mega Launcher']
694,Helioptile,38,33,44,Generator,6,02/11/2013,['Dry Skin'-'Sand Veil'-'Solar Power']
695,Heliolisk,55,52,62,Generator,6,11/02/2013,['Dry Skin'-'Sand Veil'-'Solar Power']
696,Tyrunt,89,77,58,Royal Heir,6,04/07/2013,['Strong Jaw'-'Sturdy']
697,Tyrantrum,121,119,82,Despot,6,08/20/2013,['Strong Jaw'-'Rock Head']
698,Amaura,59,50,77,Tundra,6,04/02/2013,['Refrigerate'-'Snow Warning']
699,Aurorus,77,72,123,Tundra,6,09/03/2013,['Refrigerate'-'Snow Warning']
700,Sylveon,65,65,95,Intertwining,6,06/07/2013,['Cute Charm'-'Pixilate']
701,Hawlucha,92,75,78,Wrestling,6,08/27/2013,['Limber'-'Unburden'-'Mold Breaker']
702,Dedenne,58,57,67,Antenna,6,04/19/2013,['Cheek Pouch'-'Pickup'-'Plus']
703,Carbink,50,150,50,Jewel,6,08/12/2013,['Clear Body'-'Sturdy']
704,Goomy,50,35,45,Soft Tissue,6,01/28/2013,['Sap Sipper'-'Hydration'-'Gooey']
705,Sliggoo,75,53,68,Soft Tissue,6,05/11/2013,['Sap Sipper'-'Hydration'-'Gooey']
706,Goodra,100,70,90,Dragon,6,10/11/2013,['Sap Sipper'-'Hydration'-'Gooey']
707,Klefki,80,91,57,Key Ring,6,07/04/2013,['Prankster'-'Magician']
708,Phantump,70,48,43,Stump,6,02/12/2013,['Natural Cure'-'Frisk'-'Harvest']
709,Trevenant,110,76,85,Elder Tree,6,11/12/2013,['Natural Cure'-'Frisk'-'Harvest']
710,Pumpkaboo,66,70,59,Pumpkin,6,03/19/2013,['Pickup'-'Frisk'-'Insomnia']
711,Gourgeist,100,122,85,Pumpkin,6,08/27/2013,['Pickup'-'Frisk'-'Insomnia']
712,Bergmite,69,85,55,Ice Chunk,6,05/01/2013,['Own Tempo'-'Ice Body'-'Sturdy']
713,Avalugg,117,184,95,Iceberg,6,09/09/2013,['Own Tempo'-'Ice Body'-'Sturdy']
714,Noibat,30,35,40,Sound Wave,6,10/25/2013,['Frisk'-'Infiltrator'-'Telepathy']
715,Noivern,70,80,85,Sound Wave,6,04/28/2013,['Frisk'-'Infiltrator'-'Telepathy']
716,Xerneas,131,95,126,Life,6,01/06/2013,['Fairy Aura']
717,Yveltal,131,95,126,Destruction,6,09/13/2013,['Dark Aura']
718,Zygarde,100,121,216,Order,6,08/13/2013,['Aura Break'-'Power Construct']
719,Diancie,160,110,50,Jewel,6,08/09/2013,['Clear Body']
720,Hoopa,160,60,80,Mischief (Confined)Djinnn (Unbound),6,02/28/2013,['Magician']
721,Volcanion,110,120,80,Steam,6,06/21/2013,['Water Absorb']
722,Rowlet,55,55,68,Grass Quill,7,05/05/2016,['Overgrow'-'Long Reach']
723,Dartrix,75,75,78,Blade Quill,7,09/17/2016,['Overgrow'-'Long Reach']
724,Decidueye,107,75,78,Arrow Quill,7,02/05/2016,['Overgrow'-'Long Reach']
725,Litten,65,40,45,Fire Cat,7,10/09/2016,['Blaze'-'Intimidate']
726,Torracat,85,50,65,Fire Cat,7,03/06/2016,['Blaze'-'Intimidate']
727,Incineroar,115,90,95,Heel,7,09/26/2016,['Blaze'-'Intimidate']
728,Popplio,54,54,50,Sea Lion,7,12/27/2016,['Torrent'-'Liquid Voice']
729,Brionne,69,69,60,Pop Star,7,02/29/2016,['Torrent'-'Liquid Voice']
730,Primarina,74,74,80,Soloist,7,05/22/2016,['Torrent'-'Liquid Voice']
731,Pikipek,75,30,35,Woodpecker,7,10/03/2016,['Keen Eye'-'Skill Link'-'Pickup']
732,Trumbeak,85,50,55,Bugle Beak,7,05/05/2016,['Keen Eye'-'Skill Link'-'Pickup']
733,Toucannon,120,75,80,Cannon,7,08/20/2016,['Keen Eye'-'Skill Link'-'Sheer Force']
734,Yungoos,70,30,48,Loitering,7,08/14/2016,['Stakeout'-'Strong Jaw'-'Adaptability']
735,Gumshoos,110,60,88,Stakeout,7,08/15/2016,['Stakeout'-'Strong Jaw'-'Adaptability']
736,Grubbin,62,45,47,Larva,7,11/02/2016,['Swarm']
737,Charjabug,82,95,57,Battery,7,06/13/2016,['Battery']
738,Vikavolt,70,90,77,Stag Beetle,7,04/24/2016,['Levitate']
739,Crabrawler,82,57,47,Boxing,7,04/01/2016,['Hyper Cutter'-'Iron Fist'-'Anger Point']
740,Crabominable,132,77,97,Woolly Crab,7,06/06/2016,['Hyper Cutter'-'Iron Fist'-'Anger Point']
741,Oricorio,70,70,75,Dancing,7,02/10/2016,['Dancer']
742,Cutiefly,45,40,40,Bee Fly,7,07/12/2016,['Honey Gather'-'Shield Dust'-'Sweet Veil']
743,Ribombee,55,60,60,Bee Fly,7,12/26/2016,['Honey Gather'-'Shield Dust'-'Sweet Veil']
744,Rockruff,65,40,45,Puppy,7,09/09/2016,['Keen Eye'-'Vital Spirit'-'Steadfast']
745,Lycanroc,115,75,85,Wolf,7,11/13/2016,['Keen Eye'-'Sand Rush'-'Steadfast'-'Keen Eye'-'Vital Spirit'-'No Guard']
746,Wishiwashi,140,130,45,Small Fry,7,12/27/2016,['Schooling']
747,Mareanie,53,62,50,Brutal Star,7,10/10/2016,['Merciless'-'Limber'-'Regenerator']
748,Toxapex,63,152,50,Brutal Star,7,05/14/2016,['Merciless'-'Limber'-'Regenerator']
749,Mudbray,100,70,70,Donkey,7,03/09/2016,['Own Tempo'-'Stamina'-'Inner Focus']
750,Mudsdale,125,100,100,Draft Horse,7,08/03/2016,['Own Tempo'-'Stamina'-'Inner Focus']
751,Dewpider,40,52,38,Water Bubble,7,08/01/2016,['Water Bubble'-'Water Absorb']
752,Araquanid,70,92,68,Water Bubble,7,02/29/2016,['Water Bubble'-'Water Absorb']
753,Fomantis,55,35,40,Sickle Grass,7,02/27/2016,['Leaf Guard'-'Contrary']
754,Lurantis,105,90,70,Bloom Sickle,7,03/27/2016,['Leaf Guard'-'Contrary']
755,Morelull,35,55,40,Illuminating,7,04/21/2016,['Illuminate'-'Effect Spore'-'Rain Dish']
756,Shiinotic,45,80,60,Illuminating,7,05/01/2016,['Illuminate'-'Effect Spore'-'Rain Dish']
757,Salandit,44,40,48,Toxic Lizard,7,10/06/2016,['Corrosion'-'Oblivious']
758,Salazzle,64,60,68,Toxic Lizard,7,10/27/2016,['Corrosion'-'Oblivious']
759,Stufful,75,50,70,Flailing,7,11/19/2016,['Fluffy'-'Klutz'-'Cute Charm']
760,Bewear,125,80,120,Strong Arm,7,02/11/2016,['Fluffy'-'Klutz'-'Unnerve']
761,Bounsweet,30,38,42,Fruit,7,02/25/2016,['Leaf Guard'-'Oblivious'-'Sweet Veil']
762,Steenee,40,48,52,Fruit,7,02/03/2016,['Leaf Guard'-'Oblivious'-'Sweet Veil']
763,Tsareena,120,98,72,Fruit,7,10/18/2016,['Leaf Guard'-'Queenly Majesty'-'Sweet Veil']
764,Comfey,52,90,51,Posy Picker,7,08/11/2016,['Flower Veil'-'Triage'-'Natural Cure']
765,Oranguru,60,80,90,Sage,7,03/23/2016,['Inner Focus'-'Telepathy'-'Symbiosis']
766,Passimian,120,90,100,Teamwork,7,09/05/2016,['Receiver'-'Defiant']
767,Wimpod,35,40,25,Turn Tail,7,03/15/2016,['Wimp Out']
768,Golisopod,125,140,75,Hard Scale,7,04/19/2016,['Emergency Exit']
769,Sandygast,55,80,55,Sand Heap,7,03/26/2016,['Water Compaction'-'Sand Veil']
770,Palossand,75,110,85,Sand Castle,7,02/13/2016,['Water Compaction'-'Sand Veil']
771,Pyukumuku,60,130,55,Sea Cucumber,7,05/05/2016,['Innards Out'-'Unaware']
772,Type: Null,95,95,95,Synthetic,7,06/29/2016,['Battle Armor']
773,Silvally,95,95,95,Synthetic,7,09/03/2016,['RKS System']
774,Minior,100,60,60,Meteor,7,12/02/2016,['Shields Down']
775,Komala,115,65,65,Drowsing,7,06/06/2016,['Comatose']
776,Turtonator,78,135,60,Blast Turtle,7,07/14/2016,['Shell Armor']
777,Togedemaru,98,63,65,Roly-Poly,7,10/10/2016,['Iron Barbs'-'Lightningrod'-'Sturdy']
778,Mimikyu,90,80,55,Disguise,7,09/05/2016,['Disguise']
779,Bruxish,105,70,68,Gnash Teeth,7,09/18/2016,['Dazzling'-'Strong Jaw'-'Wonder Skin ']
780,Drampa,60,85,78,Placid,7,09/10/2016,['Berserk'-'Sap Sipper'-'Cloud Nine']
781,Dhelmise,131,100,70,Sea Creeper,7,04/10/2016,['Steelworker']
782,Jangmo-o,55,65,45,Scaly,7,02/29/2016,['Bulletproof'-'Soundproof'-'Overcoat']
783,Hakamo-o,75,90,55,Scaly,7,08/21/2016,['Bulletproof'-'Soundproof'-'Overcoat']
784,Kommo-o,110,125,75,Scaly,7,10/09/2016,['Bulletproof'-'Soundproof'-'Overcoat']
785,Tapu Koko,115,85,70,Land Spirit,7,11/12/2016,['Electric Surge'-'Telepathy']
786,Tapu Lele,85,75,70,Land Spirit,7,07/01/2016,['Psychic Surge'-'Telepathy']
787,Tapu Bulu,130,115,70,Land Spirit,7,07/12/2016,['Grassy Surge'-'Telepathy']
788,Tapu Fini,75,115,70,Land Spirit,7,03/28/2016,['Misty Surge'-'Telepathy']
789,Cosmog,29,31,43,Nebula,7,05/26/2016,['Unaware']
790,Cosmoem,29,131,43,Protostar,7,05/23/2016,['Sturdy']
791,Solgaleo,137,107,137,Sunne,7,02/07/2016,['Full Metal Body']
792,Lunala,113,89,137,Moone,7,06/27/2016,['Shadow Shield']
793,Nihilego,53,47,109,Parasite,7,04/18/2016,['Beast Boost']
794,Buzzwole,139,139,107,Swollen,7,08/26/2016,['Beast Boost']
795,Pheromosa,137,37,71,Lissome,7,07/21/2016,['Beast Boost']
796,Xurkitree,89,71,83,Glowing,7,06/23/2016,['Beast Boost']
797,Celesteela,101,103,97,Launch,7,06/22/2016,['Beast Boost']
798,Kartana,181,131,59,Drawn Sword,7,06/03/2016,['Beast Boost']
799,Guzzlord,101,53,223,Junkivore,7,10/02/2016,['Beast Boost']
800,Necrozma,107,101,97,Prism,7,06/07/2016,['Prism Armor']
801,Magearna,95,115,80,Artificial,7,04/03/2016,['Soul-Heart']
